<?xml version="1.0" encoding="UTF-8"?>
<jax-ws xmlns="http://www.netbeans.org/ns/jax-ws/1">
  <services>
    <service name="WSOperaciones">
      <implementation-class>ws.WSOperaciones</implementation-class>
    </service>
    <service name="ConversionsSW">
      <implementation-class>sw.ConversionsSW</implementation-class>
    </service>
    <service name="OperacionesSW">
      <implementation-class>sw.OperacionesSW</implementation-class>
    </service>
    <service name="LoginSW">
      <implementation-class>sw.LoginSW</implementation-class>
    </service>
    <service name="FormulasSW">
      <implementation-class>sw.FormulasSW</implementation-class>
    </service>
  </services>
  <clients/>
</jax-ws>
